tasks,tlp,ilp
1,13.875665,13.875665
2,18.194419,14.195295
3,22.607476,14.466033
4,26.890891,14.730069
