code, power, time
cfd, 31.348872, 29.689872
heartwall, 32.072718, 24.456485
lavaMD,  32.715703, 65.387028
leukocyte, 30.771108, 38.950881
streamcluster, 32.192283, 33.801999
